Workbook
Name ACTION: #REF!
Name ACTION: #REF!

Sheet Cover
B2: SYSTEM TEST REPORT DOCUMENT
A4: Project Name | B4: Eyes Clinic Management System | E4: Creator | F4: TuanTD
A5: Project Code | B5: ECMS | E5: Issue Date | F5: 46240
A6: Document Code | B6: =B5&"_"&"XXX"&"_"&"v1.0" | E6: Version | F6: v1.1
A9: Record of change
A10: Effective Date | B10: Version | C10: Change Item | D10: *A,D,M | E10: Change description | F10: Reference
A11: 46240 | B11: v1.0 | C11: Test Cases Creation | D11: A | E11: Create system test cases for Doctor Dashboard (UC-15) and EMR Management (UC-19, UC-22) | F11: UC_Specifications, Project_Tracking
A12: 46199 | B12: v1.1 | C12: Test Cases Creation for Iter2 | D12: A | F12: UC_Specifications, Project_Tracking

Sheet Test Cases
D1: TEST CASE LIST
B3: Project Name | D3: Eyes Clinic Management System
B4: Project Code | D4: ECMS
B5: Test Environment Setup Description | D5: 1. Client Web Browser: Google Chrome, Mozilla Firefox, or Microsoft Edge. 2. Frontend Environment: ReactJS application running on Node.js local development environment (or staging URL) with responsive layout enabled. 3. Backend Environment: Java Spring Boot application (RESTful APIs) running on embedded Tomcat server with active security context and token validation. 4. Database Server: SQL Server containing relational schema for ECMS, populated with initial master data (Doctor profiles, patient records, status lookup, and historical EMR entries). 5. Network & Integration: Stable Localhost or Local Area Network (LAN) connection to ensure real-time API communication and data synchronization between React client and Spring Boot server. 6. Test Accounts: Pre-configured credentials with Doctor and Staff roles assigned in SQL Server authorization tables.
B8: No | C8: Function Name | D8: Sheet Name | E8: Description | F8: Pre-Condition
B9: 1 | C9: View Today Patient Queue | D9: Patient_Queue_Dashboard | E9: Verify viewing the list of all patients for the current day | F9: Doctor is logged in
B10: 2 | C10: Filter & Search Patient | D10: Doctor_Dashboard | E10: Verify searching by patient name, patient phone number and filtering by status | F10: Queue contains patient data
B11: 3 | C11: View Historical EMR | D11: EMR_Management!A1 | E11: Verify reviewing past EMR records for full clinical context | F11: Patient has previous EMR
B12: 4 | C12: Create New EMR | D12: EMR_Management!A1 | E12: Verify clicking "Bắt đầu khám" button | F12: Patient 's appointment status is "Waiting" (Đang chờ)
B13: 5 | C13: Save Draft EMR | D13: EMR_Management!A1 | E13: Verify saving current EMR as a draft | F13: The button "Bắt đầu khám" is clicked
B14: 6 | C14: Update "In_Progress" EMR | D14: EMR_Management!A1 | E14: Verify updating fields in the EMR draft | F14: Patient's appointment status is "In_Progress" (Đang khám)
B15: 7 | C15: Finalize Examination | D15: EMR_Management!A1 | E15: Verify clicking "Hoàn thành khám" button | F15: Patient's appointment status is either "Waiting" (Đang chờ) or "In Progress" (Đang khám)
B16: 8 | C16: Read-Only EMR Enforcement | D16: EMR_Management!A1 | E16: Verify finalized EMR records are strictly read-only | F16: EMR status is "Completed" (Đã hoàn thành)

Sheet Test Statistics
B1: TEST STATISTICS
B3: Project Name | C3: Eyes Clinic Management System | E3: Creator | H3: TuanTD
B4: Project Code | C4: ECMS | E4: Reviewer/Approver
B5: Document Code | C5: =C4&"_"&"Test Report"&"_"&"v1.0" | E5: Issue Date | H5: 46240
B6: Notes | C6: This release includes 2 main modules: Patient Queue Dashboard and EMR Management
B10: No | C10: Module code | D10: Passed | E10: Failed | F10: Pending | G10: N/A | H10: Number of test cases
B11: 1 | C11: Doctor_Dashboard | D11: =Doctor_Dashboard!B6 | E11: =Doctor_Dashboard!C6 | F11: 7 | G11: =Doctor_Dashboard!E6 | H11: 7
B12: 2 | C12: EMR_Management | D12: =EMR_Management!B6 | E12: =EMR_Management!C6 | F12: =EMR_Management!D6 | G12: =EMR_Management!E6 | H12: 7
C14: Sub total | D14: =SUM(D9:D13) | E14: =SUM(E9:E13) | F14: =SUM(F9:F13) | G14: =SUM(G9:G13) | H14: =SUM(H9:H13)
C16: Test coverage | E16: =(D14+E14)*100/(H14-G14) | F16: %
C17: Test successful coverage | E17: =D14*100/(H14-G14) | F17: %

Sheet Doctor_Dashboard
A2: Workflow | B2: Doctor_Dashboard | R2: Passed
A3: Test requirement | B3: Verify today's appointment schedule visibility, quick search bar, and filter controls for the patient queue | R3: Failed
A4: Number of TCs | B4: =COUNTIF(A12:A1000,"TC_*") | R4: Pending
A5: Testing Round | B5: Passed | C5: Failed | D5: Pending | E5: N/A | R5: N/A
A6: Round 1 | B6: =COUNTIF($F10:$F996,B5) | C6: =COUNTIF($F10:$F996,C5) | D6: =COUNTIF($F10:$F996,D5) | E6: =COUNTIF($F10:$F996,E5)
A7: Round 2 | B7: =COUNTIF($F10:$F996,B5) | C7: =COUNTIF($F10:$F996,C5) | D7: =COUNTIF($F10:$F996,D5) | E7: =COUNTIF($F10:$F996,E5)
A8: Round 3 | B8: =COUNTIF($F10:$F996,B5) | C8: =COUNTIF($F10:$F996,C5) | D8: =COUNTIF($F10:$F996,D5) | E8: =COUNTIF($F10:$F996,E5)
A10: Test Case ID | B10: Test Case Description | C10: Test Case Procedure | D10: Expected Results | E10: Pre-conditions | F10: Round 1 | G10: Test date | H10: Tester | I10: Round 2 | J10: Test date | K10: Tester | L10: Round 3 | M10: Test date | N10: Tester | O10: Note
A11: Scenario A | B11: Display & Sort
A12: TC_UC15_001 | B12: Verify viewing the list of all patients for today | C12: 1. Login to the system as a Doctor 2. Navigate to the Doctor Dashboard | D12: 1. System defaults to the current day's schedule 2. The screen displays the complete list of all registered patients with appointment time and status | E12: 1. Doctor account is active 2. Today's appointment list exists | F12: Pending | I12: Pending | L12: Pending
A13: TC_UC15_002 | B13: Verify queue is ordered by appointment time | C13: 1. Login to the system as a Doctor 2. Navigate to the Dashboard screen 3. Observe the patients' appointments listed in the queue table 4. Compare the appointment time (giờ khám) values from top to bottom | D13: 1. Appointments are displayed in ascending order by appointment time | E13: 1. The appointment queue is not empty | F13: Pending | I13: Pending | L13: Pending
A14: Scenario B | B14: Search & Filter
A15: TC_UC15_003 | B15: Verify searching appointments via patient's name or phone number | C15: 1. Login to the system as Doctor 2. Navigate to the Doctor Dashboard 3. Type a specific patient's name or phone number into the search bar | D15: 1. The patient queue table updates instantly in real-tiime 2. Only the appointments matching the searched name or phone number are displayed | E15: 1. Search bar is visible | F15: Pending | I15: Pending | L15: Pending
A16: TC_UC15_004 | B16: Verify filtering the queue by status | C16: 1. Login to the system as a Doctor 2. Navigate to the Doctor Dashboard 3. Click on the status filter dropdown 4. Select a specific status | D16: 1. The list filters successfully 2. The screen displays only appointments with the selected status | E16: 1. Multiple statuses exist in the queue | F16: Pending | I16: Pending | L16: Pending
A17: Scenario C | B17: Access Control
A18: TC_UC15_005 | B18: Verify doctor can only see his own list of patients | C18: 1. Login as Doctor Nguyễn Văn An 2. Navigate to the Doctor Dashboard 3. Note the list of appointments in the queue 4. Log out 5. Login as Doctor Trần Thị Thơm 6. Navigate to the Doctor Dashboard 7. Note the list of appointments in the queue | D18: 1. Doctor An's queue is different from Doctor Thom's one 2. Statistics (Tổng hôm nay, Đang chờ,…) reflect only that Doctor's own appointments | E18: 1. At least 2 Doctor accounts exist 2. The 2 Doctors have different list of appointments | F18: Pending | I18: Pending | L18: Pending
A19: TC_UC15_006 | B19: Verify empty state when Doctor has no appointments today | C19: 1. Login as a Doctor who has no appointments today 2. Navigate to the Doctor Dashboard 3. Observe the queue table and statistic cards | D19: 1. All statistic cards display 0 (except for the "Đã hủy" card) 2. The queue table displays a "Không có lịch khám hôm nay" message | E19: 1. No appointments are assigned to this Doctor for today's state | F19: Pending | I19: Pending | L19: Pending
A20: TC_UC15_007 | B20: Verify clicking appointment navigates to correct EMR | C20: 1. Login as a Doctor 2. Navigate to the Doctor Dashboard 3. Locate an appointment with status "IN_PROGRESS" (Đang khám) or "WAITING" (Đang chờ) 4. Click the "Cập nhật HSBA" button (for IN_PROGRESS) or "Bắt đầu khám" button (for "WAITING" 5. Observing the patient's name | D20: 1. The EMR page displays the correct patient name matching the selected appointment 2. Previously saved EMR data is loaded in the form | E20: 1. The appointment queue is not empty | F20: Pending | I20: Pending | L20: Pending

Sheet EMR_Management
A2: Workflow | B2: EMR_Management | R2: Passed
A3: Test requirement | B3: Verify the complete clinical visit lifecycle: viewing history, initiating examination, saving drafts, updating and finalizing EMR | R3: Failed
A4: Number of TCs | B4: =COUNTIF(A12:A1001,"TC_*") | R4: Pending
A5: Testing Round | B5: Passed | C5: Failed | D5: Pending | E5: N/A | R5: N/A
A6: Round 1 | B6: =COUNTIF($F10:$F994,B5) | C6: =COUNTIF($F10:$F994,C5) | D6: =COUNTIF($F10:$F997,D5) | E6: =COUNTIF($F10:$F994,E5)
A7: Round 2 | B7: =COUNTIF($F10:$F994,B5) | C7: =COUNTIF($F10:$F994,C5) | D7: =COUNTIF($F10:$F994,D5) | E7: =COUNTIF($F10:$F994,E5)
A8: Round 3 | B8: =COUNTIF($F10:$F994,B5) | C8: =COUNTIF($F10:$F994,C5) | D8: =COUNTIF($F10:$F994,D5) | E8: =COUNTIF($F10:$F994,E5)
A10: Test Case ID | B10: Test Case Description | C10: Test Case Procedure | D10: Expected Results | E10: Pre-conditions | F10: Round 1 | G10: Test date | H10: Tester | I10: Round 2 | J10: Test date | K10: Tester | L10: Round 3 | M10: Test date | N10: Tester | O10: Note
A11: Scenario D | B11: Open & View EMR
A12: TC_UC22_001 | B12: Verify Doctor can view completed EMR records | C12: 1. Login as Doctor 2. Navigate to the "Hồ sơ bệnh án" screen 3. Select a medical record from the list 4. Click on the button "Xem chi tiết" | D12: 1. The screen displays a chronological list of historical EMRs 2. All historical data fields are read-only | E12: 1. EMR table in the database is not empty | F12: Pending | I12: Pending | L12: Pending
A13: Scenario E | B13: Create EMR
A14: TC_UC19_001 | B14: Verify Doctor can create a new EMR corresponding with an appointment | C14: 1. Login as Doctor 2. Navigate to the Doctor Dashboard 3. Select an appointment with "WAITING" status 4. Click on the button "Bắt đầu khám" | D14: 1. The system navigates to "Hồ sơ bệnh án" 2. An empty EMR is created and ready for data input | E14: 1. There exists some appointment with "WAITING" status in Doctor Dashboard | F14: Pending | I14: Pending | L14: Pending
A15: Scenario F | B15: Save Draft EMR (Update EMR)
A16: TC_UC19_002 | B16: Verify saving EMR data as a draft | C16: 1. Login as Doctor 2. Navigate to the Doctor Dashboard 3. Select an appointment with "WAITING" (Đang chờ) status 4. Input initial symptoms, vital signs, and clinical notes 5. Click the "Lưu nháp" button | D16: 1. System saves data successfully 2. Appointment status is "In Progress" (Đang khám) 3. Success notification is displayed 4. The system navigates to the Doctor Dashboard automatically | E16: 1. There are appointments in the queue with "WAITING" status | F16: Pending | I16: Pending | L16: Pending
A17: TC_UC19_003 | B17: Verify updating information in a draft EMR | C17: 1. Login as Doctor 2. Navigate to the Doctor Dashboard 3. Select an appointment with "IN_PROGRESS" (Đang khám) status 4. Re-open the saved draft EMR form by clicking "Tiếp tục khám" button 5. Edit clinical fields 6. Click "Lưu nháp" button | D17: 1. The new information replaces the old information 2. Success notification is displayed 3. The system navigates to the Doctor Dashboard automatically | E17: 1. The patient's appoinment is still in "In Progress" (Đang khám) status | F17: Pending | I17: Pending | L17: Pending
A18: Scenario G | B18: Finalize EMR
A19: TC_UC19_004 | B19: Verify finalizing examination | C19: 1. Login as Doctor 2. Navigate to the Doctor Dashboard 3. Open the draft EMR form / Open a new EMR with appointment status "Waiting" (Đang chờ) 4. Click the "Hoàn thành khám" button | D19: 1. The newest data fields are saved into the database 2. The system displays a success confirmation message 3. The system automatically navigates to Doctor Dashboard | E19: 1. Patient's appointment status is either "Waiting" (Đang chờ) or "In Progress" (Đang khám) | F19: Pending | I19: Pending | L19: Pending
A20: Scenario H | B20: Access Control
A21: TC_UC22_002 | B21: Verify Doctor can only view their own patients' EMRs | C21: 1. Login as Doctor 2. Navigate to "Hồ sơ bệnh án" 3. Observe the list of EMRs with doctor's name | D21: 1. All EMRs displayed have the name of the Doctor logging in | E21: 1. This Doctor has "Completed" EMRs | F21: Pending | I21: Pending | L21: Pending
A22: Scenario I | B22: Search EMR
A23: TC_UC22_003 | B23: Verify searching EMRs via patient's name or phone number | C23: 1. Login to the system as Doctor 2. Navigate to "Hồ sơ bệnh án" 3. Type a specific patient's name or phone number into the search bar | D23: 2. Only the EMRs matching the searched name or phone number are displayed | E23: 1. Search bar is visible | F23: Pending | I23: Pending | L23: Pending

Sheet View_Visit_History
A2: Workflow | B2: View Visit History | R2: Passed
A3: Test requirement | B3: Verify Patient can view all their past and pending appointments, search by Doctor or Service name, and filter by status | R3: Failed
A4: Number of TCs | B4: =COUNTIF(A12:A1001,"TC_*") | R4: Pending
A5: Testing Round | B5: Passed | C5: Failed | D5: Pending | E5: N/A | R5: N/A
A6: Round 1 | B6: =COUNTIF($F10:$F997,B5) | C6: =COUNTIF($F10:$F997,C5) | D6: =COUNTIF($F10:$F997,D5) | E6: =COUNTIF($F10:$F997,E5)
A7: Round 2 | B7: =COUNTIF($F10:$F997,B5) | C7: =COUNTIF($F10:$F997,C5) | D7: =COUNTIF($F10:$F997,D5) | E7: =COUNTIF($F10:$F997,E5)
A8: Round 3 | B8: =COUNTIF($F10:$F997,B5) | C8: =COUNTIF($F10:$F997,C5) | D8: =COUNTIF($F10:$F997,D5) | E8: =COUNTIF($F10:$F997,E5)
A10: Test Case ID | B10: Test Case Description | C10: Test Case Procedure | D10: Expected Results | E10: Pre-conditions | F10: Round 1 | G10: Test date | H10: Tester | I10: Round 2 | J10: Test date | K10: Tester | L10: Round 3 | M10: Test date | N10: Tester | O10: Note
A11: Scenario A | B11: Browsing Visit History List
A12: TC_VH_001 | B12: View visit history with existing past appointments | C12: 1. Click on account's menu 2. Select "Visit History" (hiện tại đang là Hồ sơ bệnh án) 3. Observe the list of past visits (appointments) displayed on the screen | D12: 1. The system displays the list of past visits in descending chronological order 2. Appointment Date, Doctor Name, Service Name, Status and Primary Diagnosis are displayed correctly | E12: 1. The patient's account is active (status = 'ACTIVE') 2. The patient has at least 1 appointment in the database 3. The patient is logged in to the system | F12: Pending | I12: Pending | L12: Pending
A13: TC_VH_002 | B13: View visit history when patient has no past appointments | C13: 1. Click on account's menu 2. Select "Visit History" (hiện tại đang là Hồ sơ bệnh án) 3. Observe the screen | D13: 1. The page displays a user-friendly empty state illustration 2. A clear helper message is displayed: "You have no past visits recorded at our clinic" | E13: 1. The patient's account is active (status = 'ACTIVE') 2. The patient has no past appointments 3. The patient is logged in | F13: Pending | I13: Pending | L13: Pending
A14: Scenario B | B14: Searching Visit History
A15: TC_VH_003 | B15: Search appointments by Doctor Name | C15: 1. Type "Nguyễn Văn An" into the search input field | D15: 1. The list instantly filters and displays only the appointments with Doctor Nguyễn Văn An | E15: 1. The patient is on the "Visit History" page 2. Visit history list contains appointments with Doctor 'Nguyễn Văn An' | F15: Pending | I15: Pending | L15: Pending
A16: TC_VH_004 | B16: Search appointments by Service Name | C16: 1. Type "Massage Mắt" into the search input field | D16: 1. The list instantly filters and displays only the appointments with Service "Massage Mắt" | E16: 1. The patient is on the "Visit History" page 2. Visit history list contains appointments with Service 'Massage Mắt' | F16: Pending | I16: Pending | L16: Pending
A17: TC_VH_005 | B17: Search appointments with no matching results | C17: 1. Enter a non-matching query ("Bác sĩ") in the search bar | D17: 1. The list shows no appointments 2. Displays a message: ("No matching appointments found") | E17: 1. The patient is on the "Visit History" page | F17: Pending | I17: Pending | L17: Pending
A18: Scenario C | B18: Filter Visit History
A19: TC_VH_006 | B19: Filter appointments by status (COMPLETED / CANCELLED / PENDING / CONFIRMED / WAITING / IN_PROGRESS) | C19: 1. User select tab "COMPLETED" on the screen | D19: 1. The list filters and displays only appointments with status "COMPLETED" 2. Appointments in other statuses are hidden | E19: 1. The patient is on the "Visit History" page 2. List contains appointments in various statuses | F19: Pending | I19: Pending | L19: Pending
F20: Pending | I20: Pending | L20: Pending
F21: Pending | I21: Pending | L21: Pending

Sheet View_Lab_Results
A2: Workflow | B2: View Lab Results | R2: Passed
A3: Test requirement | B3: Verify Patient can view integrated lab results inside EMR. Doctor views requested Lab inside LabOrder Queue | R3: Failed
A4: Number of TCs | B4: =COUNTIF(A12:A1002,"TC_*") | R4: Pending
A5: Testing Round | B5: Passed | C5: Failed | D5: Pending | E5: N/A | R5: N/A
A6: Round 1 | B6: =COUNTIF($F10:$F998,B5) | C6: =COUNTIF($F10:$F998,C5) | D6: =COUNTIF($F10:$F998,D5) | E6: =COUNTIF($F10:$F998,E5)
A7: Round 2 | B7: =COUNTIF($F10:$F998,B5) | C7: =COUNTIF($F10:$F998,C5) | D7: =COUNTIF($F10:$F998,D5) | E7: =COUNTIF($F10:$F998,E5)
A8: Round 3 | B8: =COUNTIF($F10:$F998,B5) | C8: =COUNTIF($F10:$F998,C5) | D8: =COUNTIF($F10:$F998,D5) | E8: =COUNTIF($F10:$F998,E5)
A10: Test Case ID | B10: Test Case Description | C10: Test Case Procedure | D10: Expected Results | E10: Pre-conditions | F10: Round 1 | G10: Test date | H10: Tester | I10: Round 2 | J10: Test date | K10: Tester | L10: Round 3 | M10: Test date | N10: Tester | O10: Note
A11: Scenario A | B11: Doctor Accessing Lab Results
A12: TC_LR_001 | B12: Patient views integrated lab results inside EMR | C12: 1. Scroll down to the 'Hình ảnh kết quả xét nghiệm' section 2. Observe the metrics and diagnostic scan images | D12: 1. Detailed visual acuity metrics (SPH, CYL, AXIS, IOP, VA, BCVA) are visible 2. Attached scan images (e.g. OCT scans, fundus photos) are rendered properly in the EMR | E12: 1. Patient is logged in and is on the EMR details page of a completed visit containing a lab order | F12: Pending | I12: Pending | L12: Pending
A13: TC_LR_002 | B13: Doctor accesses LabOrder Queue and views created orders | C13: 1. Navigate to the 'LabOrder Queue' page from the sidebar menu 2. Observe the list of lab orders | D13: 1. The page loads successfully, listing all LabOrders requested by this specific doctor 2. Column headers: Patient Name, Date, and Status are displayed | E13: 1. Doctor is logged in to the system
A14: TC_LR_003 | B14: Doctor views LabResults of a SUBMITTED LabOrder | C14: 1. Find a 'SUBMITTED' LabOrder 2. Click the 'Xem & Duyệt kết quả' button | D14: 1. A detailed modal opens showing the results 2. Displays visual acuity metrics (R/L eyes) and the uploaded images entered by the Lab Tech | E14: 1. Doctor is on the LabOrder Queue page 2. There is a LabOrder in the list with status 'SUBMITTED'
A15: TC_LR_004 | B15: Doctor views details of a non-submitted LabOrder ("PENDING") | C15: 1. Locate the non-submitted order ("PENDING") 2. Observe the "Xem & Duyệt kết quả" button | D15: 1. The details page displays order details (Patient Name, Date, Status) 2. The "Xem & Duyệt kết quả" button is not visible | E15: 1. Doctor is on the LabOrder Queue page 2. There is a LabOrder in 'PENDING' or 'IN_PROGRESS' status | F15: Pending | I15: Pending | L15: Pending
F17: Pending | I17: Pending | L17: Pending
F18: Pending | I18: Pending | L18: Pending
F20: Pending | I20: Pending | L20: Pending
F21: Pending | I21: Pending | L21: Pending
F22: Pending | I22: Pending | L22: Pending

Sheet Review_Submitted_Lab_Results
A2: Workflow | B2: Review Submitted Lab Results | R2: Passed
A3: Test requirement | B3: Doctor reviews submitted lab results and has the authority to Approve (auto-fill to EMR) or Reject (creates a duplicate retest LabOrder) | R3: Failed
A4: Number of TCs | B4: =COUNTIF(A12:A1004,"TC_*") | R4: Pending
A5: Testing Round | B5: Passed | C5: Failed | D5: Pending | E5: N/A | R5: N/A
A6: Round 1 | B6: =COUNTIF($F10:$F1000,B5) | C6: =COUNTIF($F10:$F1000,C5) | D6: =COUNTIF($F10:$F1000,D5) | E6: =COUNTIF($F10:$F1000,E5)
A7: Round 2 | B7: =COUNTIF($F10:$F1000,B5) | C7: =COUNTIF($F10:$F1000,C5) | D7: =COUNTIF($F10:$F1000,D5) | E7: =COUNTIF($F10:$F1000,E5)
A8: Round 3 | B8: =COUNTIF($F10:$F1000,B5) | C8: =COUNTIF($F10:$F1000,C5) | D8: =COUNTIF($F10:$F1000,D5) | E8: =COUNTIF($F10:$F1000,E5)
A10: Test Case ID | B10: Test Case Description | C10: Test Case Procedure | D10: Expected Results | E10: Pre-conditions | F10: Round 1 | G10: Test date | H10: Tester | I10: Round 2 | J10: Test date | K10: Tester | L10: Round 3 | M10: Test date | N10: Tester | O10: Note
A11: Scenario A | B11: Review Submitted Lab Results
A12: TC_REV_001 | B12: Doctor approves submitted LabResults | C12: 1. Review the metrics and diagnostic scans 2. Click the "Duyệt kết quả" button | D12: 1. The status of the LabOrder changes to 'COMPLETED' 2. The lab metrics (SPH, CYL, AXIS, IOP, VA, BCVA) are automatically integrated and lab images are inserted into the patient's active EMR form | E12: 1. Doctor is on the details page of a 'SUBMITTED' LabOrder 2. The lab results data is fully filled and valid | F12: Pending | I12: Pending | L12: Pending
A13: TC_REV_002 | B13: Doctor rejects LabResults and requests retest | C13: 1. Click the 'Hủy kết quả & Yêu cầu đo lại' button 2. In the modal, input the rejection reason: 'Hình chụp đáy mắt mờ, không lấy nét được gai thị. Yêu cầu chụp lại.' | D13: 1. The status of the LabOrder changes to 'REJECTED' 2. Rejection timestamp are saved in the DB 3. The system automatically creates a NEW LabOrder copying all fields (Patient, Doctor, Notes) from the rejected order, with status 'PENDING' | E13: 1. Doctor is on the details page of a 'SUBMITTED' LabOrder 2. Doctor determines the test is low-quality or incorrect
A14: TC_REV_003 | B14: Doctor attempts to reject LabResults without entering a reason | C14: 1. Click the 'Hủy kết quả & Yêu cầu đo lại' button 2. Leave the rejection reason text area empty | D14: 1. The status of the LabOrder changes to 'REJECTED' 2. Rejection reason and timestamp are saved in the DB 3. The system automatically creates a NEW LabOrder copying all fields (Patient, Doctor, Notes) from the rejected order, with status 'PENDING' | E14: 1. Doctor is on the details page of a 'SUBMITTED' LabOrder 2. Doctor determines the test is low-quality or incorrect | F14: Pending | I14: Pending | L14: Pending
F16: Pending | I16: Pending | L16: Pending
F20: Pending | I20: Pending | L20: Pending
F22: Pending | I22: Pending | L22: Pending
F23: Pending | I23: Pending | L23: Pending
F24: Pending | I24: Pending | L24: Pending

Sheet Issue_Lab_Order
A2: Workflow | B2: Issue Lab Order | R2: Passed
A3: Test requirement | B3: Verify Doctor can request clinical laboratory or imaging tests from within a patient's active medical record | R3: Failed
A4: Number of TCs | B4: =COUNTIF(A12:A1001,"TC_*") | R4: Pending
A5: Testing Round | B5: Passed | C5: Failed | D5: Pending | E5: N/A | R5: N/A
A6: Round 1 | B6: =COUNTIF($F10:$F997,B5) | C6: =COUNTIF($F10:$F997,C5) | D6: =COUNTIF($F10:$F997,D5) | E6: =COUNTIF($F10:$F997,E5)
A7: Round 2 | B7: =COUNTIF($F10:$F997,B5) | C7: =COUNTIF($F10:$F997,C5) | D7: =COUNTIF($F10:$F997,D5) | E7: =COUNTIF($F10:$F997,E5)
A8: Round 3 | B8: =COUNTIF($F10:$F997,B5) | C8: =COUNTIF($F10:$F997,C5) | D8: =COUNTIF($F10:$F997,D5) | E8: =COUNTIF($F10:$F997,E5)
A10: Test Case ID | B10: Test Case Description | C10: Test Case Procedure | D10: Expected Results | E10: Pre-conditions | F10: Round 1 | G10: Test date | H10: Tester | I10: Round 2 | J10: Test date | K10: Tester | L10: Round 3 | M10: Test date | N10: Tester | O10: Note
A11: Scenario A | B11: Issue Lab Order
A12: TC_LO_001 | B12: Doctor issues a valid LabOrder from active EMR | C12: 1. Click the 'Yêu cầu chỉ định xét nghiệm' (Request Lab Order) button 2. Select lab technician "Phạm Kỹ Thuật Viên" from the lab technician list 3. Input doctor notes: 'Kiểm tra kỹ độ cong giác mạc mắt trái.' 4. Set priority to 'PRIMARY' 5. Click 'Gửi chỉ định' (Submit Order) | D12: 1. A new LabOrder is generated with status 'PENDING' 2. The LabOrder is enqueued into the LabOrder Queue | E12: 1. Doctor is logged in and editing a patient's medical record in Round-1 (EMR status: 'IN_PROGRESS' or 'DRAFT') | F12: Pending | I12: Pending | L12: Pending
A13: TC_LO_002 | B13: Doctor attempts to issue a LabOrder without selecting any lab technicians | C13: 1. Input instructions in the notes field 2. Do not choose any lab technician 3. Click 'Gửi chỉ định' (Submit Order) | D13: 1. The submission is blocked 2. An error is displayed on the screen: 'Vui lòng chọn kỹ thuật viên' | E13: 1. Doctor is on the Lab Order request form
A14: TC_LO_003 | B14: Verify issue order button visibility based on EMR status | C14: 1. Open the completed EMR details page 2. Look for the 'Yêu cầu chỉ định xét nghiệm' button | D14: 1. The 'Yêu cầu chỉ định xét nghiệm' button is hidden to prevent modifying completed EMRs | E14: 1. Doctor is viewing a patient's EMR that was finalized in a previous session (EMR status: 'COMPLETED') | F14: Pending | I14: Pending | L14: Pending
F16: Pending | I16: Pending | L16: Pending
F17: Pending | I17: Pending | L17: Pending
F19: Pending | I19: Pending | L19: Pending
F20: Pending | I20: Pending | L20: Pending
F21: Pending | I21: Pending | L21: Pending

Sheet Submit_Lab_Results
A2: Workflow | B2: Submit_Lab_Results | R2: Passed
A3: Test requirement | B3: Verify Lab Technician can enter metrics, uploads images, and submits results (status changes to SUBMITTED) and Save draft to prevent data loss | R3: Failed
A4: Number of TCs | B4: =COUNTIF(A12:A1000,"TC_*") | R4: Pending
A5: Testing Round | B5: Passed | C5: Failed | D5: Pending | E5: N/A | R5: N/A
A6: Round 1 | B6: =COUNTIF($F10:$F996,B5) | C6: =COUNTIF($F10:$F996,C5) | D6: =COUNTIF($F10:$F996,D5) | E6: =COUNTIF($F10:$F996,E5)
A7: Round 2 | B7: =COUNTIF($F10:$F996,B5) | C7: =COUNTIF($F10:$F996,C5) | D7: =COUNTIF($F10:$F996,D5) | E7: =COUNTIF($F10:$F996,E5)
A8: Round 3 | B8: =COUNTIF($F10:$F996,B5) | C8: =COUNTIF($F10:$F996,C5) | D8: =COUNTIF($F10:$F996,D5) | E8: =COUNTIF($F10:$F996,E5)
A10: Test Case ID | B10: Test Case Description | C10: Test Case Procedure | D10: Expected Results | E10: Pre-conditions | F10: Round 1 | G10: Test date | H10: Tester | I10: Round 2 | J10: Test date | K10: Tester | L10: Round 3 | M10: Test date | N10: Tester | O10: Note
A11: Scenario A | B11: Submit Lab Results
A12: TC_SUB_001 | B12: Lab Technician submits completed lab results | C12: 1. Open the LabOrder from the queue 2. Enter visual metrics (SPH, CYL, AXIS, IOP) for both eyes 3. Upload a scan image file (JPEG/PNG/WEBP, < 10MB) 4. Enter technician notes 5. Click the 'Gửi kết quả' (Submit Results) button | D12: 1. The LabOrder status changes to 'SUBMITTED' 2. The results are locked from further editing by the technician 3. A success notification is shown, and the LabOrder is cleared from the In_Progress list | E12: 1. Lab Technician is logged in 2. A LabOrder assigned to to him is in 'PENDING' or 'IN_PROGRESS' status | F12: Pending | I12: Pending | L12: Pending
A13: TC_SUB_002 | B13: Submit results with invalid metrics validation | C13: 1. Input: IOP = 120 (too high) or -5 (negative) 2. Input: AXIS = 210 (valid range [0, 180]) 3. Click 'Gửi kết quả' | D13: 1. The system automatically changes IOP to -2, AXIS = 180 2. The LabOrder status changes to 'SUBMITTED' 3. The results are locked from further editing by the technician 4. A success notification is shown, and the LabOrder is cleared from the In_Progress list | E13: 1. Lab Technician is on the results entry form | F13: Pending | I13: Pending | L13: Pending
A14: Scenario B | B14: Save Draft Lab Results
A15: TC_SUB_003 | B15: Lab Technician saves results as a draft | C15: 1. Input right eye metrics (SPH = -2.00, CYL = -0.50, AXIS = 180) 2. Click the 'Lưu nháp' (Save Draft) button | D15: 1. The system saves the entered right eye data 2. The LabOrder status remains 'IN_PROGRESS' 3. The doctor does not see this order as 'SUBMITTED' | E15: 1. Lab Technician is editing a LabOrder in the workspace | F15: Pending | I15: Pending | L15: Pending
A16: TC_SUB_004 | B16: Verify draft data retention after page exit | C16: 1. Open the same LabOrder from the queue again 2. Check the fields | D16: 1. All previously saved draft metrics (right eye SPH, CYL, AXIS) are loaded correctly into the form fields | E16: 1. Lab Technician previously saved a draft for a LabOrder 2. The technician exited the page | F16: Pending | I16: Pending | L16: Pending
F18: Pending | I18: Pending | L18: Pending
F19: Pending | I19: Pending | L19: Pending
F20: Pending | I20: Pending | L20: Pending

Sheet View_Lab_Queue
A2: Workflow | B2: View Lab Queue | R2: Passed
A3: Test requirement | B3: Verify Doctor can view and filter their created LabOrders. Lab Technician can view and filter requested LabOrders assigned to them | R3: Failed
A4: Number of TCs | B4: =COUNTIF(A12:A1000,"TC_*") | R4: Pending
A5: Testing Round | B5: Passed | C5: Failed | D5: Pending | E5: N/A | R5: N/A
A6: Round 1 | B6: =COUNTIF($F10:$F996,B5) | C6: =COUNTIF($F10:$F996,C5) | D6: =COUNTIF($F10:$F996,D5) | E6: =COUNTIF($F10:$F996,E5)
A7: Round 2 | B7: =COUNTIF($F10:$F996,B5) | C7: =COUNTIF($F10:$F996,C5) | D7: =COUNTIF($F10:$F996,D5) | E7: =COUNTIF($F10:$F996,E5)
A8: Round 3 | B8: =COUNTIF($F10:$F996,B5) | C8: =COUNTIF($F10:$F996,C5) | D8: =COUNTIF($F10:$F996,D5) | E8: =COUNTIF($F10:$F996,E5)
A10: Test Case ID | B10: Test Case Description | C10: Test Case Procedure | D10: Expected Results | E10: Pre-conditions | F10: Round 1 | G10: Test date | H10: Tester | I10: Round 2 | J10: Test date | K10: Tester | L10: Round 3 | M10: Test date | N10: Tester | O10: Note
A11: Scenario A | B11: Browsing Lab Order List
A12: TC_LQ_001 | B12: Doctor views their created LabOrders list | C12: 1. Navigate to the 'LabOrder Queue' page 2. Observe the list displayed | D12: 1. The page lists all LabOrders created by this doctor 2. Information includes: Patient Name, Issued Time, Current Status | E12: 1. Doctor is logged in 2. Doctor has created multiple LabOrders in the system | F12: Pending | I12: Pending | L12: Pending
A13: TC_LQ_002 | B13: Lab Technician views assigned LabOrders queue | C13: 1. Navigate to the 'Lab Queue' page 2. Observe the pending LabOrder list | D13: 1. The list displays all LabOrders assigned to the technician 2. Orders are listed in chronological order (Oldest First) | E13: 1. Lab Technician is logged in 2. Multiple LabOrders have been assigned to him | F13: Pending | I13: Pending | L13: Pending
A14: Scenario B | B14: Filter Lab Orders
A15: TC_LQ_003 | B15: Doctor filters LabOrders by status | C15: 1. Select the tab 'SUBMITTED' | D15: 1. The list displays only LabOrders with status 'SUBMITTED' | E15: 1. Doctor is on the LabOrder Queue page | F15: Pending | I15: Pending | L15: Pending
A16: TC_LQ_004 | B16: Lab Technician filters LabOrders by status | C16: 1. Select the tab 'IN_PROGRESS' | D16: 1. The list displays only LabOrders with status 'IN_PROGRESS' | E16: 1. Lab Technician is on the LabOrder Queue page | F16: Pending | I16: Pending | L16: Pending
A17: Scenario C | B17: Verify real-time refresh
A18: TC_LQ_005 | B18: Verify real-time queue refresh on order creation | C18: 1. A doctor submits a new LabOrder 2. Observe the queue without reloading the browser | D18: 1. The new LabOrder appears in the queue dynamically via real-time WebSocket connection within 5 seconds | E18: 1. A doctor submits a new LabOrder 2. Observe the queue without reloading the browser | F18: Pending | I18: Pending | L18: Pending
F19: Pending | I19: Pending | L19: Pending
F20: Pending | I20: Pending | L20: Pending

Sheet View_Diagnostic_Results
A2: Workflow | B2: View Diagnostic Results | R2: Passed
A3: Test requirement | B3: Verify Patient can view lab results of a completed lab order. The information is read-only and includes clinical details | R3: Failed
A4: Number of TCs | B4: =COUNTIF(A12:A1002,"TC_*") | R4: Pending
A5: Testing Round | B5: Passed | C5: Failed | D5: Pending | E5: N/A | R5: N/A
A6: Round 1 | B6: =COUNTIF($F10:$F998,B5) | C6: =COUNTIF($F10:$F998,C5) | D6: =COUNTIF($F10:$F998,D5) | E6: =COUNTIF($F10:$F998,E5)
A7: Round 2 | B7: =COUNTIF($F10:$F998,B5) | C7: =COUNTIF($F10:$F998,C5) | D7: =COUNTIF($F10:$F998,D5) | E7: =COUNTIF($F10:$F998,E5)
A8: Round 3 | B8: =COUNTIF($F10:$F998,B5) | C8: =COUNTIF($F10:$F998,C5) | D8: =COUNTIF($F10:$F998,D5) | E8: =COUNTIF($F10:$F998,E5)
A10: Test Case ID | B10: Test Case Description | C10: Test Case Procedure | D10: Expected Results | E10: Pre-conditions | F10: Round 1 | G10: Test date | H10: Tester | I10: Round 2 | J10: Test date | K10: Tester | L10: Round 3 | M10: Test date | N10: Tester | O10: Note
A11: Scenario A | B11: Accessing Completed Lab Results
A12: TC_DR_001 | B12: Access lab result details for a completed lab order | C12: 1. Find a visit with 'APPROVED' status 2. Verify the presence of the 'Xem kết quả xét nghiệm' button 3. Click the 'Xem kết quả xét nghiệm' button | D12: 1. The system navigates the patient to the lab result details screen 2. All clinical details of that lab order are loaded successfully | E12: 1. Patient is logged in and is on the Lab Results page 2. At least one lab order has status 'APPROVED' | F12: Pending | I12: Pending | L12: Pending
A13: TC_DR_002 | B13: Verify 'Xem kết quả xét nghiệm' button visibility for non-completed visits | C13: 1. Locate lab orders with status 'PENDING', 'IN_PROGRESS', 'SUBMITTED' or 'REJECTED' 2. Check for the presence of the 'Xem kết quả xét nghiệm' button on these cards | D13: 1. The 'Xem kết quả xét nghiệm' button is NOT visible for any appointment that is not in 'APPROVED' status | E13: 1. Patient is logged in and is on the Lab Results page 2. Lab orders with status 'PENDING', 'IN_PROGRESS', 'SUBMITTED', or 'REJECTED' are present in the list
A14: TC_DR_003 | B14: Verify all lab result information is read-only for patients | C14: 1. Click on fields (visual acuity metrics) 2. Try to type or edit any value. | D14: 1. All fields are in read-only format 2. Patient is unable to modify any clinical data | E14: 1. Patient has successfully navigated to the Lab Result details page of an approved Lab Order
A15: TC_DR_004 | B15: Verify lab result content completeness | C15: 1. Check the page structure and look for: patient's information, doctor's full name, lab technician's full name, visual acuity metrics, images | D15: 1. The page displays all visual acuity data and images. | E15: 1. Patient is on the Lab Result details page | F15: Pending | I15: Pending | L15: Pending
A16: Scenario B | B16: Download Lab Result as PDF File
A17: TC_DR_05 | B17: Verify download an approved lab result as a PDF file | C17: 1. Find a visit with 'APPROVED' status 2. Verify the presence of the 'Xem kết quả xét nghiệm' button 3. Click the 'Xem kết quả xét nghiệm' button 4. Click the "Download PDF" button | D17: 1. A PDF file is successfully downloaded 2. The file contains a sheet of all lab result details | E17: 1. Patient is logged in and is on the Lab Results page 2. At least one lab order has status 'APPROVED' | F17: Pending | I17: Pending | L17: Pending
F18: Pending | I18: Pending | L18: Pending
F20: Pending | I20: Pending | L20: Pending
F21: Pending | I21: Pending | L21: Pending
F22: Pending | I22: Pending | L22: Pending

Sheet UC-27d
A1: Test Case ID | B1: Test Case Description | C1: Test Case Procedure | D1: Expected Results | E1: Pre-Conditions
A2: TC_UC27d_01 | B2: Cancel session successfully by Nurse/Staff | C2: 1. Login as Nurse/Staff 2. View Care Queue 3. Select a pending session 4. Click 'Cancel' 5. Confirm cancellation | D2: Session is marked as CANCELLED Success message 'Huỷ buổi khám thành công' | E2: Session must be in pending/booked state
A3: TC_UC27d_02 | B3: Cancel session successfully by Manager | C3: 1. Login as Manager 2. Navigate to All Care Sessions 3. Select a session 4. Click 'Cancel' 5. Confirm cancellation | D3: Session is marked as CANCELLED Success message 'Huỷ buổi khám thành công' | E3: Session must exist

Sheet UC-38
A1: Test Case ID | B1: Test Case Description | C1: Test Case Procedure | D1: Expected Results | E1: Pre-Conditions
A2: TC_UC38_01 | B2: View Fabrication Queue | C2: 1. Login as Optician/Staff 2. Navigate to Eyeglass Fabrication Queue | D2: List of pending eyeglass orders is displayed API returns 'Lấy hàng đợi gia công kính thành công' | E2: Orders must exist in fabrication queue
A3: TC_UC38_02 | B3: Start Fabrication process | C3: 1. Login as Optician 2. Go to Fabrication Queue 3. Select an order 4. Click 'Start Fabrication' | D3: Order status changes Success message 'Đã bắt đầu gia công đơn kính' | E3: Order must be in queue
A4: TC_UC38_03 | B4: Complete Fabrication process | C4: 1. Login as Optician 2. Select an order in fabrication 3. Click 'Complete Fabrication' | D4: Order status changes Success message 'Đã hoàn tất gia công đơn kính' | E4: Order must be in fabrication state

Sheet UC-55
A1: Test Case ID | B1: Test Case Description | C1: Test Case Procedure | D1: Expected Results | E1: Pre-Conditions
A2: TC_UC55_01 | B2: Create a new room | C2: 1. Login as Manager 2. Navigate to Room Management 3. Click 'Add New Room' 4. Fill in room details (Name, Category) 5. Submit | D2: Room is successfully created | E2: Must be logged in as Manager
A3: TC_UC55_02 | B3: Update an existing room | C3: 1. Login as Manager 2. Select an existing room 3. Edit details 4. Submit | D3: Room details are updated successfully | E3: Room must exist
A4: TC_UC55_03 | B4: Deactivate a room (soft delete) | C4: 1. Login as Manager 2. Select an active room 3. Click 'Deactivate' | D4: Room status becomes inactive (soft delete) Room is hidden from active room lists | E4: Room must be active
A5: TC_UC55_04 | B5: Reactivate a room | C5: 1. Login as Manager 2. Select an inactive room 3. Click 'Reactivate' | D5: Room status becomes active | E5: Room must be inactive
A6: TC_UC55_05 | B6: View rooms by category | C6: 1. Login as Manager 2. Navigate to Room Management 3. Filter by specific category (e.g., EXAM) | D6: Only rooms belonging to the selected category are displayed | E6: Rooms of that category must exist

Sheet UC-56
A1: Test Case ID | B1: Test Case Description | C1: Test Case Procedure | D1: Expected Results | E1: Pre-Conditions
A2: TC_UC56_01 | B2: Assign a staff to a room | C2: 1. Login as Manager 2. Navigate to Staff Room Roster 3. Select a date 4. Select a staff member and a room 5. Submit assignment | D2: Staff is successfully assigned to the room for the specified date | E2: Staff and Room must exist and be active
A3: TC_UC56_02 | B3: View Staff Roster for a specific date | C3: 1. Login as Manager 2. Navigate to Staff Roster 3. Select a specific date | D3: List of staff on duty and their assigned rooms for that date is displayed | E3: Assignments must exist for the date
A4: TC_UC56_03 | B4: Resolve Room for Staff (Read-Only) | C4: 1. Login as Receptionist/Doctor 2. Trigger a check-in or booking flow requiring room resolution 3. System calls resolve room endpoint | D4: System successfully fetches the resolved room for the staff without allowing assignment changes | E4: Staff must have an assigned room
